,perfect,forecast,delta_B_minus_A
unserved_energy_kwh,197741.92704364102,188203.66582654932,-9538.261217091698
lolh_hours,5551.0,5258.0,-293.0
curtailment_kwh,20430.12529889929,11761.94581141001,-8668.179487489278
battery_throughput_kwh,107460.7246473216,110933.60783952793,3472.88319220634
